Albany,Albany,Great Danes,ALBY
Cincinnati,Cincinnati,Bearcats,CIN
MD-Baltimore County,Maryland-Baltimore County,Retrievers,UMBC
Hartford,Hartford,Hawks,HART
New Hampshire,New Hampshire,Wildcats,UNH
East Carolina,East Carolina,Pirates,ECU
Maine,Maine,Black Bears,MAINE
Vermont,Vermont,Catamounts,UVM
Southern Methodist,Southern Methodist,Mustangs,SMU
,UMass Lowell,River Hawks,UML
Temple,Temple,Owls,TEM
South Florida,South Florida,Bulls,USF
Connecticut,Connecticut,Huskies,CONN
Memphis,Memphis,Tigers,MEM
Tulane,Tulane,Green Wave,TULN
Houston,Houston,Cougars,HOU
Tulsa,Tulsa,Golden Hurricane,TLSA
Davidson,Davidson,Wildcats,DAV
Duquesne,Duquesne,Dukes,DUQ
Dayton,Dayton,Flyers,DAY
Stony Brook,Stony Brook,Seawolves,STON
George Washington,George Washington,Colonials,GW
Richmond,Richmond,Spiders,RICH
Fordham,Fordham,Rams,FOR
La Salle,La Salle,Explorers,LAS
George Mason,George Mason,Patriots,GMU
St. Louis,Saint Louis,Billikens,SLU
Rhode Island,Rhode Island,Rams,URI
St. Bonaventure,Saint Bonaventure,Bonnies,SBON
Massachusetts,Massachusetts,Minutemen,UMASS
Virginia Commonwealth,Virginia Commonwealth,Rams,VCU
Clemson,Clemson,Tigers,CLEM
Duke,Duke,Blue Devils,DUKE
Georgia Tech,Georgia Tech,Yellow Jackets,GT
Binghamton,Binghamton,Bearcats,BING
Miami (FL),Miami-Florida,Hurricanes,MIA
North Carolina State,North Carolina State,Wolfpack,NCST
Central Florida,Central Florida,Knights,UCF
Florida State,Florida State,Seminoles,FSU
Boston College,Boston College,Eagles,BC
North Carolina,North Carolina,Tar Heels,UNC
Virginia,Virginia,Cavaliers,UVA
Notre Dame,Notre Dame,Fighting Irish,ND
Louisville,Louisville,Cardinals,LOU
Jacksonville,Jacksonville,Dolphins,JAC
Pittsburgh,Pittsburgh,Panthers,PITT
,Kennesaw State,Owls,KENN
Virginia Tech,Virginia Tech,Hokies,VT
Wake Forest,Wake Forest,Demon Deacons,WAKE
New Jersey Tech,New Jersey Tech,Highlanders,NJIT
Syracuse,Syracuse,Orange,SYR
Stetson,Stetson,Hatters,STET
Iowa State,Iowa State,Cyclones,ISU
Oklahoma,Oklahoma,Sooners,OKLA
Oklahoma State,Oklahoma State,Cowboys,OKST
Kansas,Kansas,Jayhawks,KU
North Florida,North Florida,Ospreys,UNF
Texas,Texas,Longhorns,TEX
Baylor,Baylor,Bears,BAY
,South Carolina Upstate,Spartans,UPST
West Virginia,West Virginia,Mountaineers,WVU
Kansas State,Kansas State,Wildcats,KSU
Texas Tech,Texas Tech,Red Raiders,TTU
Lipscomb,Lipscomb,Bisons,LIP
Texas Christian,Texas Christian,Horned Frogs,TCU
Butler,Butler,Bulldogs,BUT
Marquette,Marquette,Golden Eagles,MARQ
Florida Gulf Coast,Florida Gulf Coast,Eagles,FGCU
Georgetown,Georgetown,Hoyas,GTWN
Providence,Providence,Friars,PROV
Eastern Washington,Eastern Washington,Eagles,EWU
Seton Hall,Seton Hall,Pirates,HALL
Montana State,Montana State,Bobcats,MTST
Idaho State,Idaho State,Bengals,IDST
Villanova,Villanova,Wildcats,NOVA
Northern Arizona,Northern Arizona,Lumberjacks,NAU
Xavier,Xavier,Musketeers,XAV
Northern Colorado,Northern Colorado,Bears,UNCO
North Dakota,North Dakota,Fighting Hawks,UND
Southern Utah,Southern Utah,Thunderbirds,SUU
Montana,Montana,Grizzlies,MONT
Campbell,Campbell,Camels,CAM
Gardner Webb,Gardner Webb,Bulldogs,WEBB
Portland State,Portland State,Vikings,PRST
,High Point,Panthers,HP
Creighton,Creighton,Bluejays,CREI
Charleston Southern,Charleston Southern,Buccaneers,CHSO
St. Johns,St John's,Red Storm,SJU
CS Sacramento,California State-Sacramento,Hornets,SAC
Weber State,Weber State,Wildcats,WEB
,Liberty,Flames,LIB
,Longwood,Lancers,LONG
Winthrop,Winthrop,Eagles,WIN
Illinois,Illinois,Fighting Illini,ILL
,Radford,Highlanders,RAD
UNC Asheville,UNC Asheville,Bulldogs,UNCA
Michigan,Michigan,Wolverines,MICH
Indiana,Indiana,Hoosiers,IND
Michigan State,Michigan State,Spartans,MSU
Northwestern,Northwestern,Wildcats,NW
Maryland,Maryland,Terrapins,MD
Nebraska,Nebraska,Cornhuskers,NEB
Ohio State,Ohio State,Buckeyes,OSU
,Presbyterian,College Blue Hose,PRE
Iowa,Iowa,Hawkeyes,IOWA
Purdue,Purdue,Boilermakers,PUR
DePaul,DePaul,Blue Demons,DEP
Minnesota,Minnesota,Golden Gophers,MINN
CS Long Beach,California State-Long Beach,49ers,LBSU
CS Fullerton,California State-Fullerton,Titans,CSF
Wisconsin,Wisconsin,Badgers,WIS
UC Davis,California-Davis,Aggies,UCD
Cal Poly Slo,California Polytechnic,Mustangs,CP
Rutgers,Rutgers,Scarlet Knights,RUTG
UC Riverside,California-Riverside,Highlanders,UCRV
Penn State,Penn State,Nittany Lions,PSU
UC Irvine,California-Irvine,Anteaters,UCI
Drexel,Drexel,Dragons,DREX
Hawaii,Hawaii,Rainbow Warriors,HAW
Delaware,Delaware,Blue Hens,DEL
James Madison,James Madison,Dukes,JMU
College of Charleston,College of Charleston,Cougars,COFC
Towson,Towson,Tigers,TOWS
CS Northridge,California State-Northridge,Matadors,CSUN
Hofstra,Hofstra,Pride,HOF
Northeastern,Northeastern,Huskies,NE
Florida Intl,Florida Intl University,Golden Panthers,FIU
Elon,Elon,Phoenix,ELON
Florida Atlantic,Florida Atlantic University,Owls,FAU
UNC Wilmington,North Carolina-Wilmington,Seahawks,UNCW
Marshall,Marshall,Thundering Herd,MRSH
Rice,Rice,Owls,RICE
Middle Tennessee St.,Middle Tennessee State,Blue Raiders,MTSU
UNC Charlotte,North Carolina-Charlotte,49ers,CHAR
Southern Miss,Southern Mississippi,Golden Eagles,USM
North Texas,North Texas,Mean Green,UNT
Western Kentucky,Western Kentucky,Hilltoppers,WKU
UC Santa Barbara,California-Santa Barbara,Gauchos,UCSB
Louisiana Tech,Louisiana Tech,Bulldogs,LT
Cleveland State,Cleveland State,Vikings,CLEV
UAB,Alabama-Birmingham,Blazers,UAB
Detroit Mercy,Detroit Mercy,Titans,DET
Texas-San Antonio,Texas San Antonio,Roadrunners,UTSA
UTEP,Texas-El Paso,Miners,UTEP
Northern Kentucky,Northern Kentucky,Norther Norse,NKU
Old Dominion,Old Dominion,Monarchs,ODU
Wright State,Wright State,Raiders,WRST
UW Green Bay,Green Bay,Phoenix,GB
Oakland,Oakland,Golden Grizzlies,OAK
UW Milwaukee,Wisconsin-Milwaukee,Panthers,MILW
William Mary,William & Mary,Tribe,W&M
Valparaiso,Valparaiso,Crusaders,VALP
Illinois-Chicago,Illinois-Chicago,Flames,UIC
Brown,Brown,Bears,BRWN
Cornell,Cornell,Big Red,COR
Princeton,Princeton,Tigers,PRIN
Columbia,Columbia,Lions,CLMB
Harvard,Harvard,Crimson,HARV
Dartmouth,Dartmouth,Big Green,DART
Fairfield,Fairfield,Stags,FAIR
Canisius,Canisius,Golden Griffins,CAN
Yale,Yale,Bulldogs,YALE
Niagara,Niagara,Purple Eagles,NIAG
Iona,Iona,Gaels,IONA
Idaho,Idaho,Vandals,IDHO
Monmouth (NJ),Monmouth,Hawks,MONM
Manhattan,Manhattan,Jaspers,MAN
Siena,Siena,Saints,SIE
Akron,Akron,Zips,AKR
St. Peters,St Peter's,Peacocks,SPU
Bowling Green State,Bowling Green,Falcons,BGSU
Marist,Marist,Red Foxes,MRST
SUNY-Buffalo,Buffalo,Bulls,BUFF
Pennsylvania,Pennsylvania,Quakers,PENN
Youngstown State,Youngstown State,Penguins,YSU
Rider,Rider,Broncs,RID
Central Michigan,Central Michigan,Chippewas,CMU
Eastern Michigan,Eastern Michigan,Eagles,EMU
Northern Illinois,Northern Illinois,Huskies,NIU
Miami (OH),Miami-Ohio,Redhawks,MOH
Kent State,Kent State,Golden Flashes,KENT
Toledo,Toledo,Rockets,TOL
,Bethune Cookman,Wildcats,BCU
,Florida A&M,Rattlers,FAMU
Ball State,Ball State,Cardinals,BALL
Quinnipiac,Quinnipiac,Bobcats,QU
Ohio,Ohio,Bobcats,OHIO
Hampton,Hampton,Pirates,HAMP
MD-Eastern Shore,Maryland Eastern Shore,Hawks,UMES
Howard,Howard,Bison,HOW
,Delaware State,Hornets,DSU
,North Carolina Central,Eagles,NCCU
Morgan State,Morgan State,Bears,MORG
North Carolina AT,North Carolina A&T,Aggies,NCAT
Coppin State,Coppin State,Eagles,COPP
Bradley,Bradley,Braves,BRAD
Norfolk State,Norfolk State,Spartans,NSU
Illinois State,Illinois State,Redbirds,ILST
Drake,Drake,Bulldogs,DRKE
,South Carolina State,Bulldogs,SCST
Missouri State,Missouri State,Bears,MOST
Wichita State,Wichita State,Shockers,WICH
Indiana State,Indiana State,Sycamores,INST
Air Force,Air Force,Falcons,AFA
Loyola-Chicago,Loyola-Chicago,Ramblers,LIL
Boise State,Boise State,Broncos,BSU
Southern Illinois,Southern Illinois,Salukis,SIU
Fresno State,Fresno State,Bulldogs,FRES
San Diego State,San Diego State,Aztecs,SDSU
Northern Iowa,Northern Iowa,Panthers,UNI
New Mexico,New Mexico,Lobos,UNM
Nevada,Nevada,Wolf Pack,NEV
UNLV,Nevada-Las Vegas,Rebels,UNLV
,Savannah State,Tigers,SAV
St. Josephs (PA),Saint Joseph's-Pennsylvania,Hawks,JOES
Bryant,Bryant,Bulldogs,BRY
Colorado State,Colorado State,Rams,CSU
Wyoming,Wyoming,Cowboys,WYO
Mount St. Marys,Mount St Mary's,Mountaineers,MSM
San Jose State,San Jose State,Spartans,SJSU
Fairleigh Dickinson,Fairleigh Dickinson,Knights,FDU
Robert Morris,Robert Morris,Colonials,RMU
St. Francis (PA),St Francis (PA),Red Flash,SFU
Utah State,Utah State,Aggies,USU
Sacred Heart,Sacred Heart,Pioneers,SHU
Austin Peay State,Austin Peay State,Governors,PEAY
Belmont,Belmont,Bruins,BEL
Eastern Illinois,Eastern Illinois,Panthers,EIU
Eastern Kentucky,Eastern Kentucky,Colonels,EKY
St. Francis (NY),Saint Francis-New York,Terriers,SFNY
,Central Connecticut State,Blue Devils,CCSU
Murray State,Murray State,Racers,MURR
Morehead State,Morehead State,Eagles,MORE
Jacksonville State,Jacksonville State,Gamecocks,JVST
SE Missouri State,Southeast Missouri State,Redhawks,SEMO
UT Martin,UT Martin,Skyhawks,UTM
Tennessee State,Tennessee State,Tigers,TNST
Tennessee Tech,Tennessee Tech,Golden Eagles,TNTC
Arizona,Arizona,Wildcats,ARIZ
California,California,Golden Bears,CAL
SIU Edwardsville,SIU Edwardsville,Cougars,SIUE
Arizona State,Arizona State,Sun Devils,ASU
Colorado,Colorado,Buffaloes,COLO
Evansville,Evansville,Purple Aces,EVAN
Oregon,Oregon,Ducks,ORE
Southern Cal,Southern California,Trojans,USC
Oregon State,Oregon State,Beavers,ORST
Stanford,Stanford,Cardinal,STAN
American,American,Eagles,AMER
Utah,Utah,Utes,UTAH
,Army,West Point,ARMY
UCLA,UCLA,Bruins,UCLA
LIU Brooklyn,Long Island Brooklyn,Blackbirds,LIU
Washington,Washington,Huskies,WASH
Boston University,Boston University,Terriers,BU
Holy Cross,Holy Cross,Crusaders,HC
Washington State,Washington State,Cougars,WSU
Wagner,Wagner,Seahawks,WAG
Alabama,Alabama,Crimson Tide,ALA
Colgate,Colgate,Raiders,COLG
Florida,Florida,Gators,FLA
Navy,Navy,Midshipmen,NAVY
Loyola-Maryland,Loyola-Maryland,Greyhounds,LMD
Bucknell,Bucknell,Bison,BUCK
Georgia,Georgia,Bulldogs,UGA
Lehigh,Lehigh,Mountain Hawks,LEH
Louisiana State,Louisiana State,Tigers,LSU
Missouri,Missouri,Tigers,MIZ
Mississippi,Ole Mississippi,Rebels,MISS
Tennessee,Tennessee,Volunteers,TENN
Lafayette,Lafayette,Leopards,LAF
UT Chattanooga,Tennessee-Chattanooga,Mocs,CHAT
Auburn,Auburn,Tigers,AUB
Texas AM,Texas A&M,Aggies,TAMU
Mississippi State,Mississippi State,Bulldogs,MSST
Furman,Furman,Paladins,FUR
UNC Greensboro,North Carolina-Greensboro,Spartans,UNCG
Western Michigan,Western Michigan,Broncos,WMU
Vanderbilt,Vanderbilt,Commodores,VAN
Samford,Samford,Bulldogs,SAM
Virginia Military,Virginia Military,Keydets,VMI
East Tennessee St.,East Tennessee St.,Buccaneers,ETSU
Kentucky,Kentucky,Wildcats,UK
,Houston Baptist,Huskies,HBU
,Incarnate Word,Cardinals,IW
,Central Arkansas,Bears,UCA
,Lamar,Cardinals,LAM
Western Carolina,Western Carolina,Catamounts,WCU
,McNeese,Cowboys,MCNS
,New Orleans,Privateers,UNO
The Citadel,The Citadel,Bulldogs,CIT
,Northwestern State,Demons,NWST
,Southeastern Louisiana,Lions,SELA
,Alabama A&M,Bulldogs,AAMU
,Nicholls,Colonels,NICH
,Sam Houston,State Bearkats,SHSU
,Stephen F. Austin,Lumberjacks,SFA
,South Carolina,Gamecocks,SC
,Grambling,Tigers,GRAM
,Abilene Christian,Wildcats,ACU
,Alabama State,Hornets,ALST
Jackson State,Jackson State,Tigers,JKST
,Prairie View A&M,Panthers,PV
,Mississippi Valley State,Delta Devils,MVSU
Wofford,Wofford,Terriers,WOF
Southern AM,Southern University A&M,Jaguars,SOU
,Alcorn State,Braves,ALCN
North Dakota State,North Dakota State,Bison,NDSU
IUPU-Fort Wayne,Indiana Purdue-Fort Wayne,Mastodons,IPFW
Nebraska-Omaha,Nebraska-Omaha,Mavericks,OMA
Indiana-Purdue,Indiana-Purdue,Jaguars,IUPU
Mercer,Mercer,Bears,MER
Oral Roberts,Oral Roberts,Golden Eagles,ORU
South Dakota State,South Dakota State,Jackrabbits,SDST
Arkansas State,Arkansas State,Red Wolves,ARST
Appalachian State,Appalachian State,Mountaineers,APP
South Dakota,South Dakota,Coyotes,SDAK
Georgia Southern,Georgia Southern,Eagles,GASO
Georgia State,Georgia State,Panthers,GAST
Louisiana-Monroe,Louisiana Monroe,Warhawks,ULM
Coastal Carolina,Coastal Carolina,Chanticleers,CCU
Arkansas-Little Rock,Arkansas-Little Rock,Trojans,UALR
Texas State,Texas State,Bobcats,TXST
Troy,Troy,Trojans,TROY
South Alabama,South Alabama,Jaguars,USA
Western Illinois,Western Illinois,Leathernecks,WIU
Texas-Arlington,Texas-Arlington,Mavericks,UTA
BYU,Brigham Young,Cougars,BYU
Denver,Denver,Pioneers,DEN
Louisiana-Lafayette,Louisiana-Lafayette,Ragin' Cajuns,ULL
Portland,Portland,Pilots,PORT
Gonzaga,Gonzaga,Bulldogs,GONZ
Loyola-Marymount,Loyola-Marymount,Mount Lions,LMU
Pacific,Pacific,Tigers,PAC
San Francisco,San Francisco,Dons,SF
Santa Clara,Santa Clara,Broncos,SCU
,CSU Bakersfield,Roadrunners,CSB
,Texas Southern,Tigers,TXSO
San Diego,San Diego,Toreros,USD
,Chicago State,Cougars,CHS
,Seattle,Redhawks,SEA
Pepperdine,Pepperdine,Waves,PEPP
St. Marys (CA),Saint Marys College-California,Gaels,SMC
,Grand Canyon,Antelopes,GCU
,UMKC,Kangaroos,UMKC
,New Mexico State,Aggies,NMSU
,UT Rio Grande Valley,Vaqueros,TRGV
,Arkansas Pine Bluff,Golden Lions,UAPB
,Utah Valley,Wolverines,UVU
Arkansas,Arkansas,Razorbacks,ARK
,Texas A&M-CC,Islanders,AMCC