Aalborg BK,Aalborg BK,AaB,1290
Odense BK,Odense BK,OB,1286
AC Horsens,AC Horsens,AC Horsens,1297
Adanaspor,Adanaspor,Adanaspor,3069
Ado Den Haag,ADO Den Haag,ADO Den Haag,2966
Ajax Amsterdam,Ajax Amsterdam,Ajax,2953
Akhisar Belediye,Akhisar Belediye,Akhisar Belediyespor,24748
Alanyaspor,Alanyaspor,Alanyaspor,Alanyaspor
Antalyaspor AS,Antalyaspor AS,Antalyaspor,3056
Anzhi Makhachkala,Anzhi Makhachkala,Anzhi Makhachkala,2327
Arsenal de Sarandi,Arsenal de Sarandi,Arsenal de Sarandi,3221
AS Monaco,AS Monaco,AS Monaco,1653
Athletic Bilbao,Athletic Bilbao,Athletic Bilbao,2825
Atlanta United,Atlanta United FC,Atlanta United FC,243211
Atletico Madrid,Atlético Madrid,Atlético Madrid,2836
Belenenses,Belenenses,Belenenses,3004
Boca Juniors,Boca Juniors,Boca Juniors,3202
Bologna,Bologna,Bologna,2685
Cagliari,Cagliari,Cagliari,2719
Chaves,Chaves,Chaves,3025
Chelsea,Chelsea,Chelsea,38
Crotone,Crotone,Crotone,2718
Defensa Y Justicia,Defensa Y Justicia,Defensa y Justicia,36839
Deportivo Alaves,Deportivo Alavés,Deportivo Alavés,2885
Eintracht Frankfurt,Eintracht Frankfurt,Eintracht Frankfurt,2674
Empoli,Empoli,Empoli,2705
Estoril Praia,GD Estoril Praia,GD Estoril Praia,4500
Everton,Everton de Viña del Mar,Everton de Viña del Mar,5032
FC Nantes,Nantes,Nantes,1647
FC Utrecht,FC Utrecht,FC Utrecht,2948
Fenerbahce,Fenerbahce,Fenerbahce,3052
FK Rubin Kazan,Rubin Kazan,Rubin Kazan,2333
FK UFA,FK UFA,FK UFA,74241
Galatasaray,Galatasaray,Galatasaray,3061
Genclerbirligi An,Genclerbirligi,Genclerbirligi,7802
Genoa,Genoa,Genoa,2713
Gimnasia La Plata,Gimnasia y Esgrima,Gimnasia y Esgrima,3205
Groningen,FC Groningen,FC Groningen,2951
Hamburg SV,Hamburger SV,Hamburger SV,2676
Heracles Almelo,Heracles Almelo,Heracles Almelo,2977
Hertha Berlin,Hertha BSC,Hertha BSC,2528
Huracan,Huracan,Huracan,7629
Inter Milan,Inter,Inter,2697
Juventus,Juventus,Juventus,2687
Kasimpasa,Kasimpasa,Kasimpasa,6063
Kayserispor,Kayserispor,Kayserispor,3072
Konyaspor KIF,Konyaspor,Konyaspor,3085
Krasnodar,FK Krasnodar,FK Krasnodar,34425
Las Palmas,UD Las Palmas,UD Las Palmas,6577
Lazio,Lazio,Lazio,2699
Lille,Lille,Lille,1643
Lorient,Lorient,Lorient,1656
Malaga,Malaga,Malaga,2830
Manchester City,Manchester City,Manchester City,17
Maritimo,CS Maritimo,CS Maritimo,3007
Marseille,Olympique Marseille,Olympique Marseille,1641
Nec Nijmegen,NEC Nijmegen,NEC Nijmegen,2962
New York,New York Red Bulls,New York Red Bulls,2506
New York City FC,New York City FC,New York City FC,187643
Newells Old Boys,Newell's Old Boys,Newell's Old Boys,3212
Orlando City SC,Orlando City SC,Orlando City SC,52237
Osasuna,Osasuna,Osasuna,2820
Osmanlispor FK,Osmanlispor,Osmanlispor,3057
Palermo,Palermo,Palermo,2715
Patronato,Patronato Parana,Patronato Parana,43741
Philadelphia,Philadelphia Union,Philadelphia Union,39833
Puebla,Puebla,Puebla,1941
Quilmes,Quilmes AC,Quilmes AC,4936
Randers FC,Randers FC,Randers FC,1301
Rio Ave FC,Rio Ave FC,Rio Ave FC,3036
Santos Laguna,Santos Laguna,Santos Laguna,1948
Sassuolo,Sassuolo,Sassuolo,2793
SC Freiburg,SC Freiburg,SC Freiburg,2538
Setubal,Vitoria Setubal,Vitoria Setubal,3008
Sevilla,Sevilla,Sevilla,2833
Silkeborg,Silkeborg IF,Silkeborg IF,1285
San Martin,San Martin de San Juan,San Martin de San Juan,7772
Spartak Moscow,Spartak Moscow,Spartak Moscow,2323
Sporting Lisbon,Sporting CP,Sporting CP,3001
Sunderland,Sunderland,Sunderland,41
Terek,Terek Grozny,Terek Grozny,5131
Torino,Torino,Torino,2696
Tottenham,Tottenham,Tottenham,33
Toulouse,Toulouse,Toulouse,1681
U.A.N.L,UANL Tigres,UANL Tigres,1940
Udinese,Udinese,Udinese,2695
UNAM,UNAM Pumas,UNAM Pumas,1933
Union Santa Fe,Union de Santa Fe,Union de Santa Fe,3204
Valencia,Valencia CF,Valencia CF,2828
Vancouver,Vancouver Whitecaps,Vancouver Whitecaps,22010
Vitoria,Vitoria Guimaraes,Vitoria Guimaraes,3009
West Ham,West Ham,West Ham,37
Aston Villa,Aston Villa,Aston Villa,40
Huddersfield Town,Huddersfield Town,Huddersfield Town,59
Wolverhampton,Wolverhampton Wanderers,Wolverhampton Wanderers,3
Ipswich,Ipswich Town,Ipswich Town,32
Brighton and Hove,Brighton & Hove Albion,Brighton & Hove Albion,30
Rotherham,Rotherham United,Rotherham United,13
Wigan Athletic,Wigan,Wigan,49
Birmingham City,Birmingham City,Birmingham City,9
Leeds United,Leeds United,Leeds United,34
Fulham,Fulham,Fulham,43
Norwich City,Norwich City,Norwich City,263
Bristol City,Bristol City,Bristol City,58
Barnsley,Barnsley,Barnsley,23
Queens Park Rangers,Queens Park Rangers,Queens Park Rangers,1
Preston,Preston North End,Preston North End,21
Derby County,Derby County,Derby County,27
Burton Albion,Burton Albion,Burton Albion,134
Sheffield Wednesday,Sheffield Wednesday,Sheffield Wednesday,12
Cardiff,Cardiff City,Cardiff City,61
Blackburn,Blackburn Rovers,Blackburn Rovers,46
Brentford FC,Brentford,Brentford,50
Nottingham,Nottingham Forest,Nottingham Forest,14
Real Madrid,Real Madrid,Real Madrid,2829
Napoli,Napoli,Napoli,2714
Bayern Munich,Bayern München,Bayern München,2672
Arsenal,Arsenal,Arsenal,42
Newcastle United,Newcastle United,Newcastle United,39
Reading,Reading,Reading,28
Guarani Asuncion,Guarani Asuncion,Guarani Asuncion,5994
Deportes Iquique,Deportes Iquique,Deportes Iquique,33596
Jorge Wilstermann,Jorge Wilstermann,Jorge Wilstermann,7878
Penarol,Peñarol,Peñarol,3227
Universidad Catolica,Universidad Catolica,Universidad Catolica,21942
Atletico Paranaense,Atletico Paranaense,Atletico Paranaense,1967
Chapecoense,Chapecoense,Chapecoense,21845
Zulia FC,Zulia FC,Zulia FC,24138
Real Betis,Real Betis,Real Betis,2816
Deportivo Coruna,Deportivo La Coruña,Deportivo La Coruña,2832
Benfica,S.L. Benfica,S.L. Benfica,3006
Borussia Dortmund,Borussia Dortmund,Borussia Dortmund,2673
Paris Saint-Germain,Paris Saint-Germain,Paris Saint-Germain,1644
Barcelona,Barcelona,Barcelona,2817
Stoke City,Stoke City,Stoke City,29
Atletico MG,Atletico Mineiro,Atletico Mineiro,1977
Godoy Cruz,Godoy Cruz,Godoy Cruz,6074
Libertad,Libertad Asuncion,Libertad Asuncion,5996
Sport Boys Warnes,Sport Boys Warnes,Sport Boys Warnes,103267
San Lorenzo,San Lorenzo,San Lorenzo,3201
Flamengo,Flamengo,Flamengo,5981
Palmeiras,Palmeiras,Palmeiras,1963
Atletico Tucuman,Atletico Tucuman,Atletico Tucuman,36833
FK Rostov,FC Rostov,FC Rostov,2326
Anderlecht,RSC Anderlecht,RSC Anderlecht,2900
FC Copenhagen,FC København,FC København,1284
Apoel Nicosia,APOEL Nicosia,APOEL Nicosia,3398
Roma,Roma,Roma,2702
Lyon,Olympique Lyon,Olympique Lyon,1649
Celta De Vigo,Celta Vigo,Celta Vigo,2821
Genk,KRC Genk,KRC Genk,2890
KAA Gent,KAA Gent,KAA Gent,2903
Besiktas,Besiktas,Besiktas,3050
Olympiakos,Olympiacos,Olympiacos,3245
Borussia Monchengladbach,Borussia M'gladbach,Borussia M'gladbach,2527
Schalke 04,FC Schalke 04,FC Schalke 04,2530
Gremio,Gremio RS,Gremio RS,5926
Zamora FC,Zamora FC,Zamora FC,6237
Nacional,Nacional,Nacional,3230
Lanus,Lanus,Lanus,3218
The Strongest,The Strongest,The Strongest,32529
Santos FC,Santos FC,Santos FC,1968
Sporting Cristal,Sporting Cristal,Sporting Cristal,2302
Ural Ekaterinbuf,Ural Ekaterinburg,Ural Ekaterinburg,7529
Arsenal Tula,Arsenal Tula,Arsenal Tula,35301
Lokomotiv Moscow,Lokomotiv Moscow,Lokomotiv Moscow,2320
Trabzonspor,Trabzonspor,Trabzonspor,3051
Akhisar Belediye,Akhisar Belediyespor,Akhisar Belediyespor,24748
FC Midtjlland,FC Midtjylland,FC Midtjylland,1289
Pacos Ferreira,FC Pacos de Ferreira,FC Pacos de Ferreira,3003
Nacional,CD Nacional,CD Nacional,3013
Manchester United,Manchester United,Manchester United,35
Eibar,SD Eibar,SD Eibar,2839
Osasuna,Osasuna,Osasuna,2820
Belenenses,Belenenses,Belenenses,3004
Benfica,S.L. Benfica,S.L. Benfica,3006
Atl Rafaela,Atletico Rafaela,Atletico Rafaela,34976
Aldosivi,Aldosivi,Aldosivi,36836
Sportfreunde Lotte,SF Lotte,SF Lotte,5844
FC Porto,FC Porto,FC Porto,3002
Juventus,Juventus,Juventus,2687
Leicester City,Leicester City,Leicester City,31
Emelec,Emelec,Emelec,5255
Melgar,Melgar,Melgar,2308
Estudiantes La Plata,Estudiantes de La Plata,Estudiantes de La Plata,3206
Botafogo,Botafogo FR,Botafogo FR,1958
Atletico Nacional,Atletico Nacional Medellin,Atletico Nacional Medellin,6106
Barcelona SC,Barcelona SC,Barcelona SC,5250
Vancouver,Vancouver Whitecaps,Vancouver Whitecaps,22010
Bayer 04 Leverkusen,Bayer 04 Leverkusen,Bayer 04 Leverkusen,2681
Atletico Madrid,Atlético Madrid,Atlético Madrid,2836
Zulia FC,Zulia FC,Zulia FC,24138
Nacional,Nacional,Nacional,3230
Atletico Paranaense,Atletico Paranaense,Atletico Paranaense,1967
San Lorenzo,San Lorenzo,San Lorenzo,3201
River Plate,River Plate,River Plate,3211
Independiente Medellin,Independiente Medellin,Independiente Medellin,6115
Pachuca,Pachuca,Pachuca,1936
FC Dallas,FC Dallas,FC Dallas,2512
Palmeiras,Palmeiras,Palmeiras,1963
Flamengo,Flamengo,Flamengo,5981
Ivory Coast,Ivory Coast,Ivory Coast,4768
Russia,Russia,Russia,4694
Serbia,Serbia,Serbia,6355
Georgia,Georgia,Georgia,4763
Finland,Finland,Finland,4712
Turkey,Turkey,Turkey,4700
Iceland,Iceland,Iceland,4708
Kosovo,Kosovo,Kosovo,154426
Wales,Wales,Wales,4702
Ireland,Ireland,Ireland,4693
Liechtenstein,Liechtenstein,Liechtenstein,4830
Macedonia FYR,FYR Macedonia,FYR Macedonia,4777
Moldova,Moldova,Moldova,4782
Austria,Austria,Austria,4718
Albania,Albania,Albania,4690
Italy,Italy,Italy,4707
Israel,Israel,Israel,4480
Spain,Spain,Spain,4698
Ukraine,Ukraine,Ukraine,4701
Croatia,Croatia,Croatia,4715
Panama,Panama,Panama,5164
Trinidad and Tobago,Trinidad and Tobago,Trinidad and Tobago,5162
New Zealand,New Zealand,New Zealand,4784
Fiji,Fiji,Fiji,8044
Costa Rica,Costa Rica,Costa Rica,4756
Mexico,Mexico,Mexico,4781
Honduras,Honduras,Honduras,4827
USA,USA,USA,4724
Faroe Islands,Faroe Islands,Faroe Islands,4760
Andorra CF,Andorra,Andorra,4818
Gibraltar,Gibraltar,Gibraltar,129264
Bosnia,Bosnia & Herzegovina,Bosnia & Herzegovina,4479
Estonia,Estonia,Estonia,4759
Cyprus,Cyprus,Cyprus,4482
Latvia,Latvia,Latvia,4706
Switzerland,Switzerland,Switzerland,4699
Belarus,Belarus,Belarus,4743
Sweden,Sweden,Sweden,4688
Minnesota United,Minnesota United,Minnesota United,41618
New England,New England,New England,2511
Tigre,Tigre,Tigre,7628
Rosario Central,Rosario Central,Rosario Central,3217
Greece,Greece,Greece,4710
Belgium,Belgium,Belgium,4717
France,France,France,4481
Luxembourg,Luxembourg,Luxembourg,4478
Netherlands,Netherlands,Netherlands,4705
Bulgaria,Bulgaria,Bulgaria,4716
Hungary,Hungary,Hungary,4709
Portugal,Portugal,Portugal,4704
Real Salt Lake,Real Salt Lake,Real Salt Lake,5133
New York,New York,Red Bulls,2506
Sarmiento Junin,Sarmiento Junin,Sarmiento Junin,42338
Gimnasia La Plata,Gimnasia La Plata,Gimnasia La Plata,3205
Racing Club,Racing Club,Racing Club,3215
Portland,Portland,Timbers,22007
Columbus,Columbus,Crew,2504
Banfield,Banfield,Banfield,3219
Senegal,Senegal,Senegal,4739
Velez Sarsfield,Velez Sarsfield,Velez Sarsfield,3208
Australia,Australia,Australia,4741
UAE,United Arab Emirates,United Arab Emirates,4727
Thailand,Thailand,Thailand,4730
Japan,Japan,Japan,4770
Syria,Syria,Syria,4731
South Korea,South Korea,South Korea,4735
China,China,China,4755
Iran,Iran,Iran,4766
Qatar,Qatar,Qatar,4792
Uzbekistan,Uzbekistan,Uzbekistan,4723
Iraq,Iraq,Iraq,4767
Saudi Arabia,Saudi Arabia,Saudi Arabia,4834
Argentina,Argentina,Argentina,4819
Bolivia,Bolivia,Bolivia,4746
Colombia,Colombia,Colombia,4820
Ecuador,Ecuador,Ecuador,4757
Venezuela,Venezuela,Venezuela,4722
Chile,Chile,Chile,4754
Paraguay,Paraguay,Paraguay,4789
Brazil,Brazil,Brazil,4748
Uruguay,Uruguay,Uruguay,4725
Peru,Peru,Peru,4790
Papua New Guinea,Papua New Guinea,Papua New Guinea,23495
Tahiti,Tahiti,Tahiti,23477
Sporting Gijon,Sporting Gijón,Sporting Gijón,2852
Vitesse,Vitesse,Vitesse,2958
FK Amkar Perm,Amkar Perm,Amkar Perm,2332
Zenit St Petersburg,Zenit St. Petersburg,Zenit St. Petersburg,2321
Esbjerg FB,Esbjerg FB,Esbjerg FB,1287
Middlesbrough,Middlesbrough,Middlesbrough,36
Swansea City,Swansea City,Swansea City,74
Feyenoord,Feyenoord,Feyenoord,2959
Roda JC,Roda JC Kerkrad,Roda JC Kerkrad,2954
Atalanta,Atalanta,Atalanta,2686
Fiorentina,Fiorentina,Fiorentina,2693
Chievo Verona,Chievo Verona,Chievo Verona,2694
AC Milan,AC Milan,AC Milan,2692
Pescara,Pescara,Pescara,7935
Stade Rennes,Stade Rennais,Stade Rennais,1658
AFC Eskilstuna,AFC Eskilstuna,AFC Eskilstuna,5954
GIF Sundsvall,GIF Sundsvall,GIF Sundsvall,1763
Aik,AIK,AIK,1764
BK Hacken,BK Häcken,BK Häcken,1760
Caykur Rizespor,Caykur Rizespor,Caykur Rizespor,3064
Mainz,Mainz,Mainz,2556
FC Ingolstadt 04,Ingolstadt,Ingolstadt,5880
Krylya Sovetov,Krylia Sovetov Samara,Krylia Sovetov Samara,2322
CSKA Moscow,CSKA Moscow,CSKA Moscow,2325
Gaziantepspor,Gaziantepspor,Gaziantepspor,3060
Viborg FF,Viborg FF,Viborg FF,1288
Aarhus GF,Aarhus GF,Aarhus GF,1291
Go Ahead Eagles,Go Ahead Eagles,Go Ahead Eagles,2979
Twente Enschede,Twente Enschede,Twente Enschede,2955
Caen,Caen,Caen,1667
Lorient,Lorient,Lorient,1656
Montpellier,Montpellier,Montpellier,1642
Angers SCO,Angers SCO,Angers SCO,1684
Feirense,Feirense,Feirense,4501
Moreirense,Moreirense,Moreirense,3014
Vfl Wolfsburg,Vfl Wolfsburg,Vfl Wolfsburg,2524
Hammarby IF,Hammarby IF,Hammarby IF,1758
IFK Norrkoping,IFK Norrkoping,IFK Norrköping,1769
Club Brugge,Club Brugge,Club Brugge,2888
Bursaspor,Bursaspor,Bursaspor,3055
FC Arouca,Arouca,Arouca,25777
Necaxa,Necaxa,Necaxa,1944
Toluca,Toluca,Toluca,1931
Granada CF,Granada CF,Granada CF,33779
Bordeaux,Bordeaux,Bordeaux,1645
Nice,Nice,Nice,1661
Braga,Braga,Braga,2999
Queretaro,Queretaro,Queretaro,1951
Brondby IF,Brondby IF,Brondby IF,1281
FK Rostov,FK Rostov,FK Rostov,2326
FC Orenburg,FC Orenburg,FC Orenburg,24118
Sonderjyske,Sonderjyske,Sonderjyske,1295
Viking,Viking,Viking,1164
Valerenga,Valerenga,Valerenga,1165
IF Elfsborg,IF Elfsborg,IF Elfsborg,1762
Kalmar FF,Kalmar FF,Kalmar FF,1891
IK Sirius FK,IK Sirius FK,IK Sirius FK,1793
Djurgardens IF,Djurgardens IF,Djurgardens IF,1759
Jonkopings Sodra,Jonkopings Sodra,Jonkopings Sodra,1841
Orebro SK,Orebro SK,Orebro SK,1768
Sampdoria,Sampdoria,Sampdoria,2711
Talleres de Cordoba,Talleres de Cordoba,Talleres de Cordoba,3210
EA Guingamp,EA Guingamp,EA Guingamp,1654
Frejus St-Raphael,Frejus Saint Raphael,Frejus Saint Raphael,46044
Excelsior,Excelsior,Excelsior,2967
Espanyol,Espanyol,Espanyol,2814
SV Werder Bremen,SV Werder Bremen,SV Werder Bremen,2534
TSG Hoffenheim,1899 Hoffenheim,1899 Hoffenheim,2569
FC Cologne,FC Köln,FC Köln,2671
West Brom,West Bromwich Albion,West Bromwich Albion,8
Watford,Watford,Watford,24
Burnley,Burnley,Burnley,6
Sparta,Sparta,Rotterdam,2960
Heerenveen,Heerenveen,Heerenveen,2964
Real Sociedad,Real Sociedad,Real Sociedad,2824
Villarreal,Villarreal,Villarreal,2819
Petrolero de Yacuiba,Petrolero de Yacuiba,Petrolero de Yacuiba,74207
Nacional Asuncion,Nacional Asuncion,Nacional Asuncion,33001
Cruzeiro,Cruzeiro,Cruzeiro,1954
Alianza Lima,Alianza Lima,Alianza Lima,2311
CA Independiente,CA Independiente,CA Independiente,3209
AZ Alkmaar,AZ Alkmaar,AZ Alkmaar,2950
Pec Zwolle,Pec Zwolle,Pec Zwolle,2971
Ostersunds FK,Östersunds FK,Östersunds FK,1836
FC Augsburg,FC Augsburg,FC Augsburg,2600
Lyngby,Lyngby,Lyngby,1756
Willem II,Willem II Tilburg,Willem II Tilburg,2961
PSV Eindhoven,PSV Eindhoven,PSV Eindhoven,2952
St Etienne,Saint-Étienne,Saint-Étienne,1678
SV Darmstadt 98,SV Darmstadt 98,SV Darmstadt 98,2576
IFK Goteborg,IFK Goteborg,IFK Goteborg,1761
FC Nordsjaelland,FC Nordsjælland,FC Nordsjælland,1292
Haugesund,Haugesund,Haugesund,673
Lillestrom,Lillestrøm,Lillestrøm,664
Sogndal,Sogndal,Sogndal,665
Tromso,Tromsø,Tromsø,660
Sarpsborg 08,Sarpsborg 08,Sarpsborg 08,822
Odds BK,Odds BK,Odds BK,659
Stabaek,Stabæk Fotball,Stabæk Fotball,1162
Sandefjord,Sandefjord Fotball,Sandefjord Fotball,676
Valerenga,Vålerenga IF,Vålerenga IF,1165
Leganes,Leganés,Leganés,2845
Tondela,Tondela,Tondela,38396
Belgrano,Belgrano,Belgrano,3203
Aalesund,Aalesunds FK,Aalesunds FK,677
Stromgodset,Strømsgodset,Strømsgodset,1163
Colorado,Colorado,Rapids,2510
Kansas City,Kansas City,Kansas City,2509
Tomsk,Tom Tomsk,Tom Tomsk,2335
Brann,SK Brann,SK Brann,1159
Kristiansund,Kristiansund BK,Kristiansund BK,957
Istanbul Basakse,Istanbul Basakse,Istanbul Basakse,3086
Crystal Palace,Crystal Palace,Crystal Palace,7
IFK Malmo FK,IFK Malmo FK,IFK Malmo FK,1892
Leon,Leon,Leon,36534
Chiapas FC,Chiapas FC,Chiapas FC,1953
Guadalajara,Guadalajara,Guadalajara,1938
Veracruz,Tiburones Rojos Veracruz,Tiburones Rojos Veracruz,1942
Tijuana,Tijuana,Tijuana,36525
Monterrey,Monterrey,Monterrey,1932
America,America,America,1939
Morelia,Morelia,Morelia,1946
Pachuca,Pachuca,Pachuca,1936
Atlas,Atlas,Atlas,1949
Boavista,Boavista,Boavista,2995
Seattle,Seattle,Seattle,22009
San Jose,San Jose,Earthquakes,21825
Bournemouth,Bournemouth,Bournemouth,60
RB Leipzig,RB Leipzig,RB Leipzig,36360
Hull City,Hull City,Hull City,96
Dijon FCO,Dijon FCO,Dijon FCO,1686
Southampton,Southampton,Southampton,45
Montreal Impact,Montreal Impact,Montreal Impact,22006
AS Nancy Lorraine,AS Nancy Lorraine,AS Nancy Lorraine,1675
FC Metz,FC Metz,FC Metz,1651
Los Angeles,Los Angeles,Galaxy,2513
Chicago,Chicago,Fire,2505
D.C. United,D.C. United,D.C. United,2502
Toronto,Toronto,Toronto,7080
Houston,Houston,Dynamo,2508
Liverpool,Liverpool,Liverpool,44
Halmstads,Halmstads,Halmstads,1767
Bastia CA,Bastia,Bastia,1655
KV Oostende,KV Oostende,KV Oostende,4494
Colon de Santa Fe,Colon de Santa Fe,Colon de Santa Fe,3207
Cruz Azul,Cruz Azul,Cruz Azul,1947
SV Zulte Waregem,SV Zulte Waregem,SV Zulte Waregem,2933
Royal Charleroi,Royal Charleroi,Royal Charleroi,2898
Molde,Molde,Molde,661
Rosenborg,Rosenborg,Rosenborg,1161
Temperley,Temperley,Temperley,112499
Santa Fe,Independiente Santa Fe,Independiente Santa Fe,6116
Talleres de Cordoba,Talleres de Cordoba,Talleres de Cordoba,3210
Royal Mouscron,Royal Excel Mouscron,Royal Excel Mouscron,
K.SV.Roeselare,KSV Roeselare,KSV Roeselare,5021
K. Lierse SK,K. Lierse SK,K. Lierse SK,2892
R.Union Saint-Gilloise,R.Union Saint-Gilloise,R.Union Saint-Gilloise,4860
RS Waasland,RS Waasland,Beveren,4859
Standard Liege,Standard Liege,Standard Liege,2901
KV Kortrijk,KV Kortrijk,KV Kortrijk,4858
Kardemir Karabukspor,Kardemir Karabukspor,Kardemir Karabukspor,7027
AS,AS Eupen,AS Eupen,2926
Sporting Lokeren,Sporting Lokeren,KSC Lokeren,2887
St Gilloise,St Gilloise,Union Saint-Gilloise,4860
St. Truidense,St. Truidense,St. Truidense,2895
KV Mechelen,KV Mechelen,KV Mechelen,5044
Nacional Potosi,Nacional Potosi,Nacional Potosi,47700
Ponte Preta,Ponte Preta,Ponte Preta,1969
Deportivo Cali,Deportivo Cali,Deportivo Cali,6112
SP Luqueno,Sportivo Luqueno,Sportivo Luqueno,5998
Sport Huancayo,Sport Huancayo,Sport Huancayo,33895
Palestino,Palestino,Palestino,3157
Atletico Venezuela,Atletico Venezuela,Atletico Venezuela,43049
Corinthians,Corinthians,Corinthians,1957
U de Chile,Universidad de Chile,Universidad de Chile,3161
Fluminense FC,Fluminense FC,Fluminense FC,1961
Cerro Porteno,Cerro Porteño,Cerro Porteño,5991
Caracas FC,Caracas,Caracas,6230
Juan Aurich,Juan Aurich,Juan Aurich,2303
Sao Paulo,São Paulo,São Paulo,1981
Sport Recife,Sport Recife,Sport Recife,1959
Danubio,Danubio,Danubio,3228
EC Vitoria,EC Vitoria,Vitória,1962
Avai FC,Avai FC,Avaí,7315
CR Vasco da Gama,CR Vasco da Gama,Vasco da Gama,1974
Goianiense,Goianiense,Atlético Goianiense,7314
Coritiba,Coritiba,Coritiba,1982
FC SKA-Khabarovsk,FC SKA-Khabarovsk,FC SKA-Khabarovsk,2340
Yenesey,Yenesey,Yenesey Krasnoyarsk,7639
Nac Breda,Nac Breda,Nac Breda,2947
MVV,MVV Maastricht,MVV Maastricht,2976
Braunschweig,Braunschweig,Eintracht Braunschweig,2557
Troyes,Troyes,Troyes,1652
Bahia,Bahia,Bahia,1955
Patriotas,Patriotas Boyacá,Patriotas Boyacá,61504
Liga de Quito,Liga de Quito,Liga de Quito,5257
Defensor Sporting,Defensor Sporting,Defensor Sporting,3229
Vendsyssel FF,Vendsyssel FF,Vendsyssel FF,1297
AC Horsens,AC Horsens,AC Horsens,1297
Morocco,Morocco,Morocco,4778
FC Helsingr,FC Helsingør,FC Helsingør,6392
Estudiantes de Caracas,Estudiantes de Caracas,Estudiantes de Caracas,199272
Sol de America,Sol de América,Sol de América,36439
Deportivo Anzoategui,Deportivo Anzoategui,Deportivo Anzoátegui,7742
OHiggins,O'Higgins,O'Higgins,3163
Fuerza Amarilla,Fuerza Amarilla,Fuerza Amarilla,213639
New Caledonia,New Caledonia,New Caledonia,8045
Germany,Germany,Germany,4711
Denmark,Denmark,Denmark,4476
Czech Republic,Czech Republic,Czech Republic,4714
Northern Ireland,Northern Ireland,Northern Ireland,4786
Boston River,Boston River,Boston River,174970
Comerciantes Unidos,Comerciantes Unidos,Comerciantes Unidos,213609
Deportivo Tolima,Deportivo Tolima,Deportes Tolima,6111
Bolivar,Bolivar,Bolívar,7059
Rionegro Aguilas,Rionegro Aguilas,Rionegro Águilas,48244
Oriente Petrolero,Oriente Petrolero,Oriente Petrolero,33820
Deportivo Cuenca,Deportivo Cuenca,Deportivo Cuenca,5251
Patriotas FC,Patriotas FC,Patriotas Boyacá,61504
Solomon Islands,Solomon Islands,Solomon Islands,23471
Azerbaijan,Azerbaijan,Azerbaijan,4742
Kazakhstan,Kazakhstan,Kazakhstan,4772
England,England,England,4713
Scotland,Scotland,Scotland,37372
Malta,Malta,Malta,4483
Slovenia,Slovenia,Slovenia,4484
San,San,San Marino,4833
Norway,Norway,Norway,4475
Armenia,Armenia,Armenia,4740
Montenegro,Montenegro,Montenegro,7139
Romania,Romania,Romania,4477
Poland,Poland,Poland,4703
Slovakia,Slovakia,Slovakia,4697
Lithuania,Lithuania,Lithuania,4776
Singapore,Singapore,Singapore,4738
Cameroon,Cameroon,Cameroon,4751
Jamaica,Jamaica,Jamaica,4769
FC Santa Coloma,FC Santa Coloma,FC Santa Coloma,7711
Alashkert FC,Alashkert FC,Alashkert FC,67966
College Europa FC,College Europa FC,Europa FC,126298
The New Saints FC,The New Saints FC,The New Saints,4921
FCI Tallinn,FCI Tallinn,FC Infonet,37977
Hibernian,Hibernian,Hibernians FC,5331
Trepca89,Trepca89,KF Trepça '89,229762
Vikingur Gta,Vikingur Gta,Vikingur Eysturkommuna,5193
ND Gorica,ND Gorica,ND Gorica,2409
FC Shirak,FC Shirak,FC Shirak Gyumri,33817
Dunav Ruse,Dunav Ruse,FC Dunav Rousse,3286
Irtysh,Irtysh,Irtysh Pavlodar,5365
Atlantas Klaipeda,Atlantas Klaipeda,FK Atlantas Klaipeda,5337
FC Kairat Almaty,FC Kairat Almaty,Kairat Almaty,5172
FC Pyunik Jerevan,FC Pyunik Jerevan,Pyunik,5214
SK Slovan Bratislava,SK Slovan Bratislava,Slovan Bratislava,2404
Botev Plovdiv,Botev Plovdiv,Botev Plovdiv,5241
KF Partizani Tirana,KF Partizani Tirana,Partizani Tirana,5222
Valur,Valur,Valur Reykjavik,1899
FK Ventspils,FK Ventspils,FK Ventspils,5354
Torpedo Kutaisi,Torpedo Kutaisi,FC Torpedo Kutaisi,5419
AS Trencin,AS Trencin,AS Trenčín,2398
NSI Runavik,NSI Runavik,NSÍ Runavík,5189
Dinamo Minsk,Dinamo Minsk,Dinamo Minsk,3361
Cork City,Cork City,Cork City,40896
Levadia Tallinn,Levadia Tallinn,Levadia Tallinn,3342
Suduva,Suduva,FK Sūduva Marijampolė,5343
Shakhtior Soligorsk,Shakhtior Soligorsk,Shakhtyor Soligorsk,3357
NK Olimpija Ljubljana,NK Olimpija Ljubljana,NK Olimpija Ljubljana,2416
VPS,VPS,Vaasan Palloseura,2246
FC Dacia Chisinau,FC Dacia Chisinau,Dacia Chișinău,5176
Shkendija,Shkendija,Shkendija 79 Tetovo,5413
Jagiellonia Bialystok,Jagiellonia Bialystok,Jagiellonia Białystok,7691
Dinamo Batumi,Dinamo Batumi,Dinamo Batumi,37297
SCR Altach,SCR Altach,SCR Altach,4856
FC Chikhura Sachkhere,FC Chikhura Sachkhere,Chikhura Sachkhere,37296
Bangor City,Bangor City,Bangor City,4908
B36 Torshavn,B36 Torshavn,B36 Tórshavn,5185
JK Nomme Kalju,JK Nomme Kalju,Nomme Kalju,8091
FK Jelgava,FK Jelgava,FK Jelgava,36081
Ferencvarosi TC,Ferencvarosi TC,Ferencvárosi TC,1925
Vasas SC,Vasas SC,Vasas SC Budapest,1919
Beitar Jerusalem,Beitar Jerusalem,Beitar Jerusalem,5204
Sutjeska,Sutjeska,FK Sutjeska Nikšić,6224
Levski Sofia,Levski Sofia,Levski Sofia,3273
Ballymena United,Ballymena United,Ballymena,5269
Differdange 03,Differdange 03,Differdange FC 03,7605
Zira,Zira,Zira,173406
Osijek,Osijek,NK Osijek,2040
UE Santa Coloma,UE Santa Coloma,UE Santa Coloma,37949
Coleraine,Coleraine,Coleraine,5270
Lincoln Red Imps FC,Lincoln Red Imps FC,Lincoln Red Imps,126304
AEK Larnaca,AEK Larnaca,AEK Larnaca,3404
Sarajevo,Sarajevo,FK Sarajevo,5237
FC Zaria Balti,FC Zaria Balti,FC Zaria Balti,36262
Milsami,Milsami,FC Milsami Orhei,53475
Fola Esch,Fola Esch,Fola Esch,25929
Derry City,Derry City,Derry City,3170
Prishtina,Prishtina,FC Prishtina,229752
Sant Julia,Sant Julia,Sant Julia,7607
KF Skenderbeu,KF Skenderbeu,Skënderbeu Korçë,5224
FC Vaduz,FC Vaduz,FC Vaduz,2463
Bala Town,Bala Town,Bala Town,36255
HJK Helsinki,HJK Helsinki,HJK Helsinki,2242
Connahs Quay,Connahs Quay,Connah's Quay Nomads,4912
Tirana,Tirana,KF Tirana,5195
Maccabi Tel Aviv,Maccabi Tel Aviv,Maccabi Tel Aviv,5198
MFK Ruzomberok,MFK Ruzomberok,MFK Ružomberok,2397
Vojvodina,Vojvodina,FK Vojvodina,5150
KI Klaksvik,KI Klaksvik,KÍ Klaksvík,5194
Siroki Brijeg,Siroki Brijeg,Široki Brijeg,5239
Ordabasy,Ordabasy,Ordabasy Shymkent,5366
Gandzasar,Gandzasar,FC Gandzasar Kapan,36059
Mladost P.,Mladost P.,FK Mladost Podgorica,6221
Floriana,Floriana,Floriana FC,33584
Crvena Zvezda,Crvena Zvezda,FK Crvena zvezda,5149
Inter Baki,Inter Baki,Inter Baku,24036
Mladost L.,Mladost L.,FK Mladost Lučani,7771
Rabotnicki,Rabotnicki,FK Rabotnicki Skopje,5212
Tre Penne,Tre Penne,SP Tre Penne,37862
Flora Tallinn,Flora Tallinn,Flora Tallinn,3346
Domzale,Domzale,NK Domžale,2418
SS Folgore Falciano,SS Folgore Falciano,SS Folgore / Falciano,37863
Valletta,Valletta,Valletta,5332
Balzan Youths,Balzan Youths,Balzan FC,38304
Videoton,Videoton,Videoton,1926
Progres Niedercorn,Progres Niedercorn,Progres Niedercorn,36201
Rangers,Rangers,Rangers,2351
FK Liepajas Metalurgs,FK Liepajas Metalurgs,FK Liepaja,146336
Crusaders,Crusaders,Crusaders,5180
Trakai,Trakai,Trakai FK,50413
St. Johnstone,St. Johnstone,St. Johnstone,2348
Pelister,Pelister,FK Pelister Bitola,6079
Lech Poznan,Lech Poznan,Lech Poznań,3121
Zeta,Zeta,FK Zeta Golubovci,6225
FK Zeljeznicar,FK Zeljeznicar,FK Željezničar,5240
Shamrock Rovers,Shamrock Rovers,Shamrock Rovers,3177
Stjarnan,Stjarnan,Stjarnan Garðabær,1912
SJK,SJK,Seinajoen JK,22395
KR Reykjavik,KR Reykjavik,KR Reykjavik,1902
Ghana,Ghana,Ghana,4764
Linfield,Linfield,FC Linfield,5272
SP La Fiorita,SP La Fiorita,La Fiorita,37860
St Josephs,St Josephs,St Joseph's FC,126312
AEL,AEL,AEL Limassol,3407
FK Mladost Podgorica,FK Mladost Podgorica,FK Mladost Podgorica,6221
KI,KI,KÍ Klaksvík,5194
Curacao,Curacao,Curacao,55827
El Salvador,El Salvador,El Salvador,4825